epoch,train_loss,val_loss,val_acc
1,0.6930068854689598,0.49804137383045544,0.79875
2,0.38093394230008126,0.44572303467777685,0.83
3,0.3059520963162184,0.46123015993177446,0.835
4,0.2560602522999048,0.51393122934222,0.8225
5,0.2024760486587882,0.5741614871727887,0.79625
6,0.16694838686212898,0.629775152788428,0.796875
7,0.13313161557540298,0.6886924731044738,0.81
8,0.11132940115742386,0.6764543181843014,0.81125
